{"cameraMode":{"drawMode":0,"name":"Shaded","section":"Shading Mode"},"sceneLighting":true,"audioPlay":false,"sceneViewState":{"showFog":true,"showMaterialUpdate":false,"showSkybox":true,"showFlares":true,"showImageEffects":true,"showParticleSystems":true},"in2DMode":false,"pivot":{"x":-0.06695878505706787,"y":10.275142669677735,"z":7.53242301940918},"rotation":{"x":0.004946745466440916,"y":0.9538671374320984,"z":-0.29977545142173769,"w":0.01574024371802807},"size":26.083995819091798,"orthographic":false}